{
  "__inputs": [
    {
      "name": "DS_ALEXANDERZOBNIN-ZABBIX-DATASOURCE",
      "label": "alexanderzobnin-zabbix-datasource",
      "description": "",
      "type": "datasource",
      "pluginId": "alexanderzobnin-zabbix-datasource",
      "pluginName": "Zabbix"
    },
    {
      "name": "DS_MYSQL-ZABBIX",
      "label": "mysql-zabbix",
      "description": "",
      "type": "datasource",
      "pluginId": "mysql",
      "pluginName": "MySQL"
    }
  ],
  "__elements": {},
  "__requires": [
    {
      "type": "datasource",
      "id": "alexanderzobnin-zabbix-datasource",
      "name": "Zabbix",
      "version": "1.0.0"
    },
    {
      "type": "panel",
      "id": "alexanderzobnin-zabbix-triggers-panel",
      "name": "Zabbix Problems",
      "version": ""
    },
    {
      "type": "panel",
      "id": "gauge",
      "name": "Gauge",
      "version": ""
    },
    {
      "type": "grafana",
      "id": "grafana",
      "name": "Grafana",
      "version": "10.4.0"
    },
    {
      "type": "panel",
      "id": "logs",
      "name": "Logs",
      "version": ""
    },
    {
      "type": "datasource",
      "id": "mysql",
      "name": "MySQL",
      "version": "1.0.0"
    },
    {
      "type": "panel",
      "id": "stat",
      "name": "Stat",
      "version": ""
    },
    {
      "type": "panel",
      "id": "table",
      "name": "Table",
      "version": ""
    },
    {
      "type": "panel",
      "id": "text",
      "name": "Text",
      "version": ""
    },
    {
      "type": "panel",
      "id": "timeseries",
      "name": "Time series",
      "version": ""
    }
  ],
  "annotations": {
    "list": [
      {
        "builtIn": 1,
        "datasource": {
          "type": "grafana",
          "uid": "-- Grafana --"
        },
        "enable": true,
        "hide": true,
        "iconColor": "rgba(0, 211, 255, 1)",
        "name": "Annotations & Alerts",
        "type": "dashboard"
      }
    ]
  },
  "editable": true,
  "fiscalYearStartMonth": 0,
  "graphTooltip": 0,
  "id": null,
  "links": [],
  "panels": [
    {
      "datasource": {
        "type": "alexanderzobnin-zabbix-datasource",
        "uid": "${DS_ALEXANDERZOBNIN-ZABBIX-DATASOURCE}"
      },
      "gridPos": {
        "h": 4,
        "w": 3,
        "x": 0,
        "y": 0
      },
      "id": 2,
      "options": {
        "code": {
          "language": "plaintext",
          "showLineNumbers": false,
          "showMiniMap": false
        },
        "content": "<center>\n<a target=\"new_blank\" href=\"https://beesolutions.com.br\"><img style=\" width=\"100\" height=\"80\" \" src=\"https://beesolutions.com.br/static/home/images/bee/so-logo.png\">\n<p>\n<h5>BEE SOLUTIONS</h5>\n</a>\n</center>",
        "mode": "markdown"
      },
      "pluginVersion": "10.4.0",
      "targets": [
        {
          "application": {
            "filter": ""
          },
          "countTriggersBy": "",
          "datasource": {
            "type": "alexanderzobnin-zabbix-datasource",
            "uid": "${DS_ALEXANDERZOBNIN-ZABBIX-DATASOURCE}"
          },
          "evaltype": "0",
          "functions": [],
          "group": {
            "filter": ""
          },
          "host": {
            "filter": ""
          },
          "item": {
            "filter": ""
          },
          "itemTag": {
            "filter": ""
          },
          "macro": {
            "filter": ""
          },
          "options": {
            "count": false,
            "disableDataAlignment": false,
            "showDisabledItems": false,
            "skipEmptyValues": false,
            "useTrends": "default",
            "useZabbixValueMapping": false
          },
          "proxy": {
            "filter": ""
          },
          "queryType": "0",
          "refId": "A",
          "resultFormat": "time_series",
          "schema": 12,
          "table": {
            "skipEmptyValues": false
          },
          "tags": {
            "filter": ""
          },
          "textFilter": "",
          "trigger": {
            "filter": ""
          }
        }
      ],
      "type": "text"
    },
    {
      "datasource": {
        "type": "alexanderzobnin-zabbix-datasource",
        "uid": "${DS_ALEXANDERZOBNIN-ZABBIX-DATASOURCE}"
      },
      "fieldConfig": {
        "defaults": {
          "color": {
            "mode": "thresholds"
          },
          "mappings": [],
          "thresholds": {
            "mode": "absolute",
            "steps": [
              {
                "color": "dark-green",
                "value": null
              },
              {
                "color": "dark-red",
                "value": 5
              }
            ]
          }
        },
        "overrides": []
      },
      "gridPos": {
        "h": 4,
        "w": 3,
        "x": 3,
        "y": 0
      },
      "id": 9,
      "options": {
        "colorMode": "background",
        "graphMode": "area",
        "justifyMode": "auto",
        "orientation": "auto",
        "reduceOptions": {
          "calcs": [
            "lastNotNull"
          ],
          "fields": "",
          "values": false
        },
        "showPercentChange": false,
        "textMode": "auto",
        "wideLayout": true
      },
      "pluginVersion": "10.4.0",
      "targets": [
        {
          "application": {
            "filter": ""
          },
          "countTriggersBy": "",
          "datasource": {
            "type": "alexanderzobnin-zabbix-datasource",
            "uid": "${DS_ALEXANDERZOBNIN-ZABBIX-DATASOURCE}"
          },
          "evaltype": "0",
          "functions": [],
          "group": {
            "filter": "BEE"
          },
          "host": {
            "filter": "$host"
          },
          "item": {
            "filter": "Linux: Number of logged in users"
          },
          "itemTag": {
            "filter": "component: environment"
          },
          "macro": {
            "filter": ""
          },
          "options": {
            "count": false,
            "disableDataAlignment": false,
            "showDisabledItems": false,
            "skipEmptyValues": false,
            "useTrends": "default",
            "useZabbixValueMapping": false
          },
          "proxy": {
            "filter": ""
          },
          "queryType": "0",
          "refId": "A",
          "resultFormat": "time_series",
          "schema": 12,
          "table": {
            "skipEmptyValues": false
          },
          "tags": {
            "filter": ""
          },
          "textFilter": "",
          "trigger": {
            "filter": ""
          }
        }
      ],
      "title": "Número de usuários logados",
      "type": "stat"
    },
    {
      "datasource": {
        "type": "alexanderzobnin-zabbix-datasource",
        "uid": "${DS_ALEXANDERZOBNIN-ZABBIX-DATASOURCE}"
      },
      "fieldConfig": {
        "defaults": {
          "color": {
            "mode": "thresholds"
          },
          "mappings": [],
          "thresholds": {
            "mode": "absolute",
            "steps": [
              {
                "color": "green",
                "value": null
              },
              {
                "color": "red",
                "value": 80
              }
            ]
          }
        },
        "overrides": []
      },
      "gridPos": {
        "h": 4,
        "w": 3,
        "x": 6,
        "y": 0
      },
      "id": 1,
      "options": {
        "minVizHeight": 75,
        "minVizWidth": 75,
        "orientation": "auto",
        "reduceOptions": {
          "calcs": [
            "lastNotNull"
          ],
          "fields": "",
          "values": false
        },
        "showThresholdLabels": false,
        "showThresholdMarkers": true,
        "sizing": "auto"
      },
      "pluginVersion": "10.4.0",
      "targets": [
        {
          "application": {
            "filter": ""
          },
          "countTriggersBy": "",
          "datasource": {
            "type": "alexanderzobnin-zabbix-datasource",
            "uid": "${DS_ALEXANDERZOBNIN-ZABBIX-DATASOURCE}"
          },
          "evaltype": "0",
          "functions": [],
          "group": {
            "filter": "BEE"
          },
          "host": {
            "filter": "$host"
          },
          "item": {
            "filter": "/: Space utilization"
          },
          "itemTag": {
            "filter": "component: storage"
          },
          "macro": {
            "filter": ""
          },
          "options": {
            "count": false,
            "disableDataAlignment": false,
            "showDisabledItems": false,
            "skipEmptyValues": false,
            "useTrends": "default",
            "useZabbixValueMapping": false
          },
          "proxy": {
            "filter": ""
          },
          "queryType": "0",
          "refId": "A",
          "resultFormat": "time_series",
          "schema": 12,
          "table": {
            "skipEmptyValues": false
          },
          "tags": {
            "filter": ""
          },
          "textFilter": "",
          "trigger": {
            "filter": ""
          }
        }
      ],
      "title": "Uso de Disco /",
      "type": "gauge"
    },
    {
      "datasource": {
        "type": "alexanderzobnin-zabbix-datasource",
        "uid": "${DS_ALEXANDERZOBNIN-ZABBIX-DATASOURCE}"
      },
      "fieldConfig": {
        "defaults": {
          "color": {
            "mode": "thresholds"
          },
          "mappings": [],
          "thresholds": {
            "mode": "absolute",
            "steps": [
              {
                "color": "green",
                "value": null
              },
              {
                "color": "red",
                "value": 80
              }
            ]
          }
        },
        "overrides": []
      },
      "gridPos": {
        "h": 4,
        "w": 3,
        "x": 9,
        "y": 0
      },
      "id": 3,
      "options": {
        "minVizHeight": 75,
        "minVizWidth": 75,
        "orientation": "auto",
        "reduceOptions": {
          "calcs": [
            "lastNotNull"
          ],
          "fields": "",
          "values": false
        },
        "showThresholdLabels": false,
        "showThresholdMarkers": true,
        "sizing": "auto"
      },
      "pluginVersion": "10.4.0",
      "targets": [
        {
          "application": {
            "filter": ""
          },
          "countTriggersBy": "",
          "datasource": {
            "type": "alexanderzobnin-zabbix-datasource",
            "uid": "${DS_ALEXANDERZOBNIN-ZABBIX-DATASOURCE}"
          },
          "evaltype": "0",
          "functions": [],
          "group": {
            "filter": "BEE"
          },
          "host": {
            "filter": "$host"
          },
          "item": {
            "filter": "Linux: Memory utilization"
          },
          "itemTag": {
            "filter": "component: memory"
          },
          "macro": {
            "filter": ""
          },
          "options": {
            "count": false,
            "disableDataAlignment": false,
            "showDisabledItems": false,
            "skipEmptyValues": false,
            "useTrends": "default",
            "useZabbixValueMapping": false
          },
          "proxy": {
            "filter": ""
          },
          "queryType": "0",
          "refId": "A",
          "resultFormat": "time_series",
          "schema": 12,
          "table": {
            "skipEmptyValues": false
          },
          "tags": {
            "filter": ""
          },
          "textFilter": "",
          "trigger": {
            "filter": ""
          }
        }
      ],
      "title": "Uso de Memoria",
      "type": "gauge"
    },
    {
      "datasource": {
        "type": "alexanderzobnin-zabbix-datasource",
        "uid": "${DS_ALEXANDERZOBNIN-ZABBIX-DATASOURCE}"
      },
      "fieldConfig": {
        "defaults": {
          "color": {
            "mode": "thresholds"
          },
          "mappings": [],
          "thresholds": {
            "mode": "absolute",
            "steps": [
              {
                "color": "green",
                "value": null
              },
              {
                "color": "red",
                "value": 80
              }
            ]
          }
        },
        "overrides": []
      },
      "gridPos": {
        "h": 4,
        "w": 3,
        "x": 12,
        "y": 0
      },
      "id": 4,
      "options": {
        "minVizHeight": 75,
        "minVizWidth": 75,
        "orientation": "auto",
        "reduceOptions": {
          "calcs": [
            "lastNotNull"
          ],
          "fields": "",
          "values": false
        },
        "showThresholdLabels": false,
        "showThresholdMarkers": true,
        "sizing": "auto"
      },
      "pluginVersion": "10.4.0",
      "targets": [
        {
          "application": {
            "filter": ""
          },
          "countTriggersBy": "",
          "datasource": {
            "type": "alexanderzobnin-zabbix-datasource",
            "uid": "${DS_ALEXANDERZOBNIN-ZABBIX-DATASOURCE}"
          },
          "evaltype": "0",
          "functions": [],
          "group": {
            "filter": "BEE"
          },
          "host": {
            "filter": "$host"
          },
          "item": {
            "filter": "Linux: CPU utilization"
          },
          "itemTag": {
            "filter": "component: cpu"
          },
          "macro": {
            "filter": ""
          },
          "options": {
            "count": false,
            "disableDataAlignment": false,
            "showDisabledItems": false,
            "skipEmptyValues": false,
            "useTrends": "default",
            "useZabbixValueMapping": false
          },
          "proxy": {
            "filter": ""
          },
          "queryType": "0",
          "refId": "A",
          "resultFormat": "time_series",
          "schema": 12,
          "table": {
            "skipEmptyValues": false
          },
          "tags": {
            "filter": ""
          },
          "textFilter": "",
          "trigger": {
            "filter": ""
          }
        }
      ],
      "title": "Uso de CPU",
      "type": "gauge"
    },
    {
      "datasource": {
        "type": "alexanderzobnin-zabbix-datasource",
        "uid": "${DS_ALEXANDERZOBNIN-ZABBIX-DATASOURCE}"
      },
      "fieldConfig": {
        "defaults": {
          "color": {
            "mode": "thresholds"
          },
          "mappings": [],
          "thresholds": {
            "mode": "absolute",
            "steps": [
              {
                "color": "#164053",
                "value": null
              }
            ]
          },
          "unit": "dtdhms"
        },
        "overrides": []
      },
      "gridPos": {
        "h": 4,
        "w": 3,
        "x": 15,
        "y": 0
      },
      "id": 8,
      "options": {
        "colorMode": "background",
        "graphMode": "area",
        "justifyMode": "auto",
        "orientation": "auto",
        "reduceOptions": {
          "calcs": [
            "lastNotNull"
          ],
          "fields": "",
          "values": false
        },
        "showPercentChange": false,
        "textMode": "auto",
        "wideLayout": true
      },
      "pluginVersion": "10.4.0",
      "targets": [
        {
          "application": {
            "filter": ""
          },
          "countTriggersBy": "",
          "datasource": {
            "type": "alexanderzobnin-zabbix-datasource",
            "uid": "${DS_ALEXANDERZOBNIN-ZABBIX-DATASOURCE}"
          },
          "evaltype": "0",
          "functions": [],
          "group": {
            "filter": "BEE"
          },
          "host": {
            "filter": "$host"
          },
          "item": {
            "filter": "Linux: System uptime"
          },
          "itemTag": {
            "filter": "component: system"
          },
          "macro": {
            "filter": ""
          },
          "options": {
            "count": false,
            "disableDataAlignment": false,
            "showDisabledItems": false,
            "skipEmptyValues": false,
            "useTrends": "default",
            "useZabbixValueMapping": false
          },
          "proxy": {
            "filter": ""
          },
          "queryType": "0",
          "refId": "A",
          "resultFormat": "time_series",
          "schema": 12,
          "table": {
            "skipEmptyValues": false
          },
          "tags": {
            "filter": ""
          },
          "textFilter": "",
          "trigger": {
            "filter": ""
          }
        }
      ],
      "title": "Uptime Servidor",
      "type": "stat"
    },
    {
      "datasource": {
        "type": "mysql",
        "uid": "${DS_MYSQL-ZABBIX}"
      },
      "fieldConfig": {
        "defaults": {
          "color": {
            "mode": "thresholds"
          },
          "displayName": "Dashboard Servidor Linux 🐧",
          "mappings": [],
          "thresholds": {
            "mode": "absolute",
            "steps": [
              {
                "color": "#162134",
                "value": null
              }
            ]
          }
        },
        "overrides": []
      },
      "gridPos": {
        "h": 4,
        "w": 6,
        "x": 18,
        "y": 0
      },
      "id": 7,
      "options": {
        "colorMode": "background",
        "graphMode": "none",
        "justifyMode": "auto",
        "orientation": "auto",
        "reduceOptions": {
          "calcs": [
            "lastNotNull"
          ],
          "fields": "/.*/",
          "values": false
        },
        "showPercentChange": false,
        "textMode": "name",
        "wideLayout": true
      },
      "pluginVersion": "10.4.0",
      "targets": [
        {
          "dataset": "performance_schema",
          "datasource": {
            "type": "mysql",
            "uid": "${DS_MYSQL-ZABBIX}"
          },
          "editorMode": "code",
          "format": "table",
          "rawQuery": true,
          "rawSql": "select now();",
          "refId": "A",
          "sql": {
            "columns": [
              {
                "parameters": [],
                "type": "function"
              }
            ],
            "groupBy": [
              {
                "property": {
                  "type": "string"
                },
                "type": "groupBy"
              }
            ],
            "limit": 50
          }
        }
      ],
      "type": "stat"
    },
    {
      "datasource": {
        "type": "alexanderzobnin-zabbix-datasource",
        "uid": "${DS_ALEXANDERZOBNIN-ZABBIX-DATASOURCE}"
      },
      "fieldConfig": {
        "defaults": {
          "color": {
            "mode": "palette-classic"
          },
          "custom": {
            "axisBorderShow": false,
            "axisCenteredZero": false,
            "axisColorMode": "text",
            "axisLabel": "",
            "axisPlacement": "auto",
            "barAlignment": 0,
            "drawStyle": "line",
            "fillOpacity": 60,
            "gradientMode": "none",
            "hideFrom": {
              "legend": false,
              "tooltip": false,
              "viz": false
            },
            "insertNulls": false,
            "lineInterpolation": "linear",
            "lineWidth": 1,
            "pointSize": 5,
            "scaleDistribution": {
              "type": "linear"
            },
            "showPoints": "auto",
            "spanNulls": false,
            "stacking": {
              "group": "A",
              "mode": "none"
            },
            "thresholdsStyle": {
              "mode": "off"
            }
          },
          "mappings": [],
          "thresholds": {
            "mode": "absolute",
            "steps": [
              {
                "color": "green",
                "value": null
              },
              {
                "color": "red",
                "value": 80
              }
            ]
          }
        },
        "overrides": [
          {
            "matcher": {
              "id": "byName",
              "options": "Interface ens3: Bits sent"
            },
            "properties": [
              {
                "id": "color",
                "value": {
                  "fixedColor": "#308399",
                  "mode": "fixed"
                }
              }
            ]
          }
        ]
      },
      "gridPos": {
        "h": 10,
        "w": 12,
        "x": 0,
        "y": 4
      },
      "id": 5,
      "options": {
        "legend": {
          "calcs": [
            "lastNotNull"
          ],
          "displayMode": "table",
          "placement": "bottom",
          "showLegend": true
        },
        "tooltip": {
          "mode": "single",
          "sort": "none"
        }
      },
      "pluginVersion": "10.4.0",
      "targets": [
        {
          "application": {
            "filter": ""
          },
          "countTriggersBy": "",
          "datasource": {
            "type": "alexanderzobnin-zabbix-datasource",
            "uid": "${DS_ALEXANDERZOBNIN-ZABBIX-DATASOURCE}"
          },
          "evaltype": "0",
          "functions": [],
          "group": {
            "filter": "BEE"
          },
          "host": {
            "filter": "$host"
          },
          "item": {
            "filter": "/Bits/"
          },
          "itemTag": {
            "filter": "component: network"
          },
          "macro": {
            "filter": ""
          },
          "options": {
            "count": false,
            "disableDataAlignment": false,
            "showDisabledItems": false,
            "skipEmptyValues": false,
            "useTrends": "default",
            "useZabbixValueMapping": false
          },
          "proxy": {
            "filter": ""
          },
          "queryType": "0",
          "refId": "A",
          "resultFormat": "time_series",
          "schema": 12,
          "table": {
            "skipEmptyValues": false
          },
          "tags": {
            "filter": ""
          },
          "textFilter": "",
          "trigger": {
            "filter": ""
          }
        }
      ],
      "title": "Tráfego das Interfaces",
      "type": "timeseries"
    },
    {
      "datasource": {
        "type": "alexanderzobnin-zabbix-datasource",
        "uid": "${DS_ALEXANDERZOBNIN-ZABBIX-DATASOURCE}"
      },
      "fieldConfig": {
        "defaults": {
          "color": {
            "mode": "thresholds"
          },
          "mappings": [],
          "thresholds": {
            "mode": "absolute",
            "steps": [
              {
                "color": "dark-green",
                "value": null
              },
              {
                "color": "dark-yellow",
                "value": 110
              },
              {
                "color": "dark-red",
                "value": 1000
              }
            ]
          }
        },
        "overrides": []
      },
      "gridPos": {
        "h": 4,
        "w": 3,
        "x": 12,
        "y": 4
      },
      "id": 14,
      "options": {
        "colorMode": "background",
        "graphMode": "area",
        "justifyMode": "auto",
        "orientation": "auto",
        "reduceOptions": {
          "calcs": [
            "lastNotNull"
          ],
          "fields": "",
          "values": false
        },
        "showPercentChange": false,
        "textMode": "auto",
        "wideLayout": true
      },
      "pluginVersion": "10.4.0",
      "targets": [
        {
          "application": {
            "filter": ""
          },
          "countTriggersBy": "",
          "datasource": {
            "type": "alexanderzobnin-zabbix-datasource",
            "uid": "${DS_ALEXANDERZOBNIN-ZABBIX-DATASOURCE}"
          },
          "evaltype": "0",
          "functions": [],
          "group": {
            "filter": "BEE"
          },
          "host": {
            "filter": "$host"
          },
          "item": {
            "filter": "Linux: Number of processes"
          },
          "itemTag": {
            "filter": "component: system"
          },
          "macro": {
            "filter": ""
          },
          "options": {
            "count": false,
            "disableDataAlignment": false,
            "showDisabledItems": false,
            "skipEmptyValues": false,
            "useTrends": "default",
            "useZabbixValueMapping": false
          },
          "proxy": {
            "filter": ""
          },
          "queryType": "0",
          "refId": "A",
          "resultFormat": "time_series",
          "schema": 12,
          "table": {
            "skipEmptyValues": false
          },
          "tags": {
            "filter": ""
          },
          "textFilter": "",
          "trigger": {
            "filter": ""
          }
        }
      ],
      "title": "Número de processos",
      "type": "stat"
    },
    {
      "datasource": {
        "type": "alexanderzobnin-zabbix-datasource",
        "uid": "${DS_ALEXANDERZOBNIN-ZABBIX-DATASOURCE}"
      },
      "fieldConfig": {
        "defaults": {
          "color": {
            "mode": "thresholds"
          },
          "mappings": [],
          "thresholds": {
            "mode": "absolute",
            "steps": [
              {
                "color": "dark-green",
                "value": null
              },
              {
                "color": "dark-orange",
                "value": 2
              },
              {
                "color": "dark-red",
                "value": 3
              }
            ]
          }
        },
        "overrides": []
      },
      "gridPos": {
        "h": 4,
        "w": 3,
        "x": 15,
        "y": 4
      },
      "id": 10,
      "options": {
        "colorMode": "background",
        "graphMode": "area",
        "justifyMode": "auto",
        "orientation": "auto",
        "reduceOptions": {
          "calcs": [
            "lastNotNull"
          ],
          "fields": "",
          "values": false
        },
        "showPercentChange": false,
        "textMode": "auto",
        "wideLayout": true
      },
      "pluginVersion": "10.4.0",
      "targets": [
        {
          "application": {
            "filter": ""
          },
          "countTriggersBy": "",
          "datasource": {
            "type": "alexanderzobnin-zabbix-datasource",
            "uid": "${DS_ALEXANDERZOBNIN-ZABBIX-DATASOURCE}"
          },
          "evaltype": "0",
          "functions": [],
          "group": {
            "filter": "BEE"
          },
          "host": {
            "filter": "$host"
          },
          "item": {
            "filter": "Check Sessoes SSH - BEE"
          },
          "itemTag": {
            "filter": "Sessoes SSH Ativas"
          },
          "macro": {
            "filter": ""
          },
          "options": {
            "count": false,
            "disableDataAlignment": false,
            "showDisabledItems": false,
            "skipEmptyValues": false,
            "useTrends": "default",
            "useZabbixValueMapping": false
          },
          "proxy": {
            "filter": ""
          },
          "queryType": "0",
          "refId": "A",
          "resultFormat": "time_series",
          "schema": 12,
          "table": {
            "skipEmptyValues": false
          },
          "tags": {
            "filter": ""
          },
          "textFilter": "",
          "trigger": {
            "filter": ""
          }
        }
      ],
      "title": "Sessões SSH Ativas",
      "type": "stat"
    },
    {
      "datasource": {
        "type": "alexanderzobnin-zabbix-datasource",
        "uid": "${DS_ALEXANDERZOBNIN-ZABBIX-DATASOURCE}"
      },
      "fieldConfig": {
        "defaults": {
          "color": {
            "mode": "thresholds"
          },
          "mappings": [
            {
              "options": {
                "0": {
                  "color": "dark-red",
                  "index": 0,
                  "text": "Off"
                },
                "1": {
                  "color": "dark-green",
                  "index": 1,
                  "text": "Ok"
                }
              },
              "type": "value"
            }
          ],
          "thresholds": {
            "mode": "absolute",
            "steps": [
              {
                "color": "dark-red",
                "value": null
              }
            ]
          }
        },
        "overrides": []
      },
      "gridPos": {
        "h": 4,
        "w": 3,
        "x": 18,
        "y": 4
      },
      "id": 12,
      "options": {
        "colorMode": "background",
        "graphMode": "area",
        "justifyMode": "auto",
        "orientation": "auto",
        "reduceOptions": {
          "calcs": [
            "lastNotNull"
          ],
          "fields": "",
          "values": false
        },
        "showPercentChange": false,
        "textMode": "auto",
        "wideLayout": true
      },
      "pluginVersion": "10.4.0",
      "targets": [
        {
          "application": {
            "filter": ""
          },
          "countTriggersBy": "",
          "datasource": {
            "type": "alexanderzobnin-zabbix-datasource",
            "uid": "${DS_ALEXANDERZOBNIN-ZABBIX-DATASOURCE}"
          },
          "evaltype": "0",
          "functions": [],
          "group": {
            "filter": "BEE"
          },
          "host": {
            "filter": "$host"
          },
          "item": {
            "filter": "Check Porta - BEE"
          },
          "itemTag": {
            "filter": "Check Porta"
          },
          "macro": {
            "filter": ""
          },
          "options": {
            "count": false,
            "disableDataAlignment": false,
            "showDisabledItems": false,
            "skipEmptyValues": false,
            "useTrends": "default",
            "useZabbixValueMapping": false
          },
          "proxy": {
            "filter": ""
          },
          "queryType": "0",
          "refId": "A",
          "resultFormat": "time_series",
          "schema": 12,
          "table": {
            "skipEmptyValues": false
          },
          "tags": {
            "filter": ""
          },
          "textFilter": "",
          "trigger": {
            "filter": ""
          }
        }
      ],
      "title": "Porta 8080",
      "type": "stat"
    },
    {
      "datasource": {
        "type": "alexanderzobnin-zabbix-datasource",
        "uid": "${DS_ALEXANDERZOBNIN-ZABBIX-DATASOURCE}"
      },
      "fieldConfig": {
        "defaults": {
          "color": {
            "mode": "thresholds"
          },
          "mappings": [
            {
              "options": {
                "0": {
                  "color": "dark-red",
                  "index": 0,
                  "text": "Off"
                },
                "1": {
                  "color": "dark-green",
                  "index": 1,
                  "text": "Ok"
                }
              },
              "type": "value"
            }
          ],
          "thresholds": {
            "mode": "absolute",
            "steps": [
              {
                "color": "dark-red",
                "value": null
              }
            ]
          }
        },
        "overrides": []
      },
      "gridPos": {
        "h": 4,
        "w": 3,
        "x": 21,
        "y": 4
      },
      "id": 13,
      "options": {
        "colorMode": "background",
        "graphMode": "area",
        "justifyMode": "auto",
        "orientation": "auto",
        "reduceOptions": {
          "calcs": [
            "lastNotNull"
          ],
          "fields": "",
          "values": false
        },
        "showPercentChange": false,
        "textMode": "auto",
        "wideLayout": true
      },
      "pluginVersion": "10.4.0",
      "targets": [
        {
          "application": {
            "filter": ""
          },
          "countTriggersBy": "",
          "datasource": {
            "type": "alexanderzobnin-zabbix-datasource",
            "uid": "${DS_ALEXANDERZOBNIN-ZABBIX-DATASOURCE}"
          },
          "evaltype": "0",
          "functions": [],
          "group": {
            "filter": "BEE"
          },
          "host": {
            "filter": "$host"
          },
          "item": {
            "filter": "Check Servico - BEE"
          },
          "itemTag": {
            "filter": "Check Servico"
          },
          "macro": {
            "filter": ""
          },
          "options": {
            "count": false,
            "disableDataAlignment": false,
            "showDisabledItems": false,
            "skipEmptyValues": false,
            "useTrends": "default",
            "useZabbixValueMapping": false
          },
          "proxy": {
            "filter": ""
          },
          "queryType": "0",
          "refId": "A",
          "resultFormat": "time_series",
          "schema": 12,
          "table": {
            "skipEmptyValues": false
          },
          "tags": {
            "filter": ""
          },
          "textFilter": "",
          "trigger": {
            "filter": ""
          }
        }
      ],
      "title": "Serviço Nginx",
      "type": "stat"
    },
    {
      "datasource": {
        "type": "alexanderzobnin-zabbix-datasource",
        "uid": "${DS_ALEXANDERZOBNIN-ZABBIX-DATASOURCE}"
      },
      "gridPos": {
        "h": 6,
        "w": 12,
        "x": 12,
        "y": 8
      },
      "id": 11,
      "options": {
        "dedupStrategy": "none",
        "enableLogDetails": true,
        "prettifyLogMessage": false,
        "showCommonLabels": false,
        "showLabels": false,
        "showTime": false,
        "sortOrder": "Descending",
        "wrapLogMessage": false
      },
      "targets": [
        {
          "application": {
            "filter": "/.*/"
          },
          "countTriggersBy": "",
          "datasource": {
            "type": "alexanderzobnin-zabbix-datasource",
            "uid": "${DS_ALEXANDERZOBNIN-ZABBIX-DATASOURCE}"
          },
          "evaltype": "0",
          "functions": [],
          "group": {
            "filter": "BEE"
          },
          "host": {
            "filter": "$host"
          },
          "item": {
            "filter": "Check Log SSH - BEE"
          },
          "itemTag": {
            "filter": "Log SSH Servidor"
          },
          "macro": {
            "filter": ""
          },
          "options": {
            "count": false,
            "disableDataAlignment": false,
            "showDisabledItems": false,
            "skipEmptyValues": false,
            "useTrends": "default",
            "useZabbixValueMapping": false
          },
          "proxy": {
            "filter": ""
          },
          "queryType": "2",
          "refId": "A",
          "resultFormat": "time_series",
          "schema": 12,
          "table": {
            "skipEmptyValues": false
          },
          "tags": {
            "filter": ""
          },
          "textFilter": "",
          "trigger": {
            "filter": ""
          }
        }
      ],
      "title": "Log SSH",
      "type": "logs"
    },
    {
      "datasource": {
        "type": "mysql",
        "uid": "${DS_MYSQL-ZABBIX}"
      },
      "fieldConfig": {
        "defaults": {
          "color": {
            "mode": "thresholds"
          },
          "custom": {
            "align": "center",
            "cellOptions": {
              "type": "color-background"
            },
            "filterable": true,
            "inspect": false
          },
          "fieldMinMax": false,
          "mappings": [],
          "noValue": "-",
          "thresholds": {
            "mode": "absolute",
            "steps": [
              {
                "color": "#173c48",
                "value": null
              }
            ]
          }
        },
        "overrides": [
          {
            "matcher": {
              "id": "byName",
              "options": "Consumo In"
            },
            "properties": [
              {
                "id": "unit",
                "value": "decmbytes"
              }
            ]
          },
          {
            "matcher": {
              "id": "byName",
              "options": "Bits In"
            },
            "properties": [
              {
                "id": "unit",
                "value": "bps"
              },
              {
                "id": "custom.width",
                "value": 114
              }
            ]
          },
          {
            "matcher": {
              "id": "byName",
              "options": "Bits Out"
            },
            "properties": [
              {
                "id": "unit",
                "value": "bps"
              },
              {
                "id": "custom.width",
                "value": 119
              }
            ]
          },
          {
            "matcher": {
              "id": "byName",
              "options": "Status"
            },
            "properties": [
              {
                "id": "mappings",
                "value": [
                  {
                    "options": {
                      "1": {
                        "color": "dark-green",
                        "index": 0,
                        "text": "Up"
                      },
                      "2": {
                        "color": "dark-red",
                        "index": 1,
                        "text": "Down"
                      },
                      "6": {
                        "color": "#808080",
                        "index": 2,
                        "text": "Desconhecido"
                      }
                    },
                    "type": "value"
                  }
                ]
              }
            ]
          },
          {
            "matcher": {
              "id": "byName",
              "options": "Speed"
            },
            "properties": [
              {
                "id": "unit",
                "value": "decbits"
              }
            ]
          },
          {
            "matcher": {
              "id": "byName",
              "options": "Consumo Out"
            },
            "properties": [
              {
                "id": "unit",
                "value": "decmbytes"
              }
            ]
          },
          {
            "matcher": {
              "id": "byName",
              "options": "Uso In (%)"
            },
            "properties": [
              {
                "id": "unit",
                "value": "percent"
              },
              {
                "id": "custom.cellOptions",
                "value": {
                  "mode": "gradient",
                  "type": "gauge",
                  "valueDisplayMode": "text"
                }
              },
              {
                "id": "max",
                "value": 100
              },
              {
                "id": "thresholds",
                "value": {
                  "mode": "absolute",
                  "steps": [
                    {
                      "color": "dark-green",
                      "value": null
                    },
                    {
                      "color": "dark-orange",
                      "value": 50
                    },
                    {
                      "color": "dark-red",
                      "value": 80
                    }
                  ]
                }
              }
            ]
          },
          {
            "matcher": {
              "id": "byName",
              "options": "Uso Out (%)"
            },
            "properties": [
              {
                "id": "custom.cellOptions",
                "value": {
                  "mode": "gradient",
                  "type": "gauge",
                  "valueDisplayMode": "text"
                }
              },
              {
                "id": "unit",
                "value": "percent"
              },
              {
                "id": "max",
                "value": 100
              },
              {
                "id": "thresholds",
                "value": {
                  "mode": "absolute",
                  "steps": [
                    {
                      "color": "dark-green",
                      "value": null
                    },
                    {
                      "color": "dark-orange",
                      "value": 50
                    },
                    {
                      "color": "dark-red",
                      "value": 90
                    }
                  ]
                }
              }
            ]
          },
          {
            "matcher": {
              "id": "byName",
              "options": "Descartes In"
            },
            "properties": [
              {
                "id": "thresholds",
                "value": {
                  "mode": "absolute",
                  "steps": [
                    {
                      "color": "dark-green",
                      "value": null
                    },
                    {
                      "color": "dark-orange",
                      "value": 1
                    },
                    {
                      "color": "dark-red",
                      "value": 10
                    }
                  ]
                }
              }
            ]
          },
          {
            "matcher": {
              "id": "byName",
              "options": "Descartes Out"
            },
            "properties": [
              {
                "id": "thresholds",
                "value": {
                  "mode": "absolute",
                  "steps": [
                    {
                      "color": "dark-green",
                      "value": null
                    },
                    {
                      "color": "dark-orange",
                      "value": 1
                    },
                    {
                      "color": "dark-red",
                      "value": 10
                    }
                  ]
                }
              },
              {
                "id": "custom.width",
                "value": 106
              }
            ]
          },
          {
            "matcher": {
              "id": "byName",
              "options": "Erros In"
            },
            "properties": [
              {
                "id": "thresholds",
                "value": {
                  "mode": "absolute",
                  "steps": [
                    {
                      "color": "dark-green",
                      "value": null
                    },
                    {
                      "color": "dark-orange",
                      "value": 1
                    },
                    {
                      "color": "dark-red",
                      "value": 10
                    }
                  ]
                }
              }
            ]
          },
          {
            "matcher": {
              "id": "byName",
              "options": "Erros Out"
            },
            "properties": [
              {
                "id": "thresholds",
                "value": {
                  "mode": "absolute",
                  "steps": [
                    {
                      "color": "dark-green",
                      "value": null
                    },
                    {
                      "color": "dark-orange",
                      "value": 1
                    },
                    {
                      "color": "dark-red",
                      "value": 10
                    }
                  ]
                }
              }
            ]
          },
          {
            "matcher": {
              "id": "byName",
              "options": "Rx Power (dBm)"
            },
            "properties": [
              {
                "id": "unit",
                "value": "dBm"
              },
              {
                "id": "mappings",
                "value": [
                  {
                    "options": {
                      "-40": {
                        "color": "dark-red",
                        "index": 0
                      }
                    },
                    "type": "value"
                  }
                ]
              }
            ]
          },
          {
            "matcher": {
              "id": "byName",
              "options": "Tx Power (dBm)"
            },
            "properties": [
              {
                "id": "unit",
                "value": "dBm"
              }
            ]
          },
          {
            "matcher": {
              "id": "byName",
              "options": "Rx Power Avg (dBm)"
            },
            "properties": [
              {
                "id": "unit",
                "value": "dBm"
              },
              {
                "id": "mappings",
                "value": [
                  {
                    "options": {
                      "-40": {
                        "color": "dark-red",
                        "index": 0
                      }
                    },
                    "type": "value"
                  }
                ]
              }
            ]
          },
          {
            "matcher": {
              "id": "byName",
              "options": "Tx Power Avg (dBm)"
            },
            "properties": [
              {
                "id": "unit",
                "value": "dBm"
              }
            ]
          }
        ]
      },
      "gridPos": {
        "h": 4,
        "w": 24,
        "x": 0,
        "y": 14
      },
      "id": 6,
      "options": {
        "cellHeight": "sm",
        "footer": {
          "countRows": false,
          "enablePagination": false,
          "fields": "",
          "reducer": [
            "sum"
          ],
          "show": false
        },
        "showHeader": true,
        "sortBy": [
          {
            "desc": true,
            "displayName": "Uso In (%)"
          }
        ]
      },
      "pluginVersion": "10.4.0",
      "targets": [
        {
          "dataset": "zabbix",
          "datasource": {
            "type": "mysql",
            "uid": "${DS_MYSQL-ZABBIX}"
          },
          "editorMode": "code",
          "format": "table",
          "rawQuery": true,
          "rawSql": "SELECT ht.name host, replace(replace(replace(replace(replace(replace(replace(replace(replace(replace(replace(replace(replace(replace(replace(replace(replace(it.name, 'Interface ', ''),': Bits sent', ''),': Bits received', ''),': Operational status', ''),': Speed', ''),': Inbound packets discarded',''),': Outbound packets discarded',''),': Inbound packets with errors',''),': Outbound packets with errors','')\r\n,': RX Power Avg Lane 1-4', ''),': TX Power Avg Lane 1-4',''),': RX Power',''),': TX Power',''),' Lane 1',''),' Lane 2',''),' Lane 3',''),' Lane 4','') interface,\r\n#SUM(CASE WHEN it.name LIKE '%Bits sent%' THEN (((hu2.value/8)*90)/(1024 * 1024)) END) AS 'consumoin',\r\n#SUM(CASE WHEN it.name LIKE '%Bits received%' THEN (((hu2.value/8)*90)/(1024 * 1024)) END) AS 'consumoout',\r\nMAX(CASE WHEN it.name LIKE '%Bits sent%' THEN hu.value END) AS 'bitsin',\r\nMAX(CASE WHEN it.name LIKE '%Bits received%' THEN hu.value END) AS 'bitsout',\r\nMAX(CASE WHEN it.name LIKE '%Operational status%' THEN hu.value END) AS 'status',\r\n#MAX(CASE WHEN it.name LIKE '%: Speed' THEN hu.value END) AS 'speed',\r\nMAX(CASE WHEN it.name LIKE '%: Speed' THEN 100000000 END) AS 'speed',\r\n#MAX(CASE WHEN it.name LIKE '%Bits sent%' THEN (hu.value) END) / MAX(CASE WHEN it.name LIKE '%: Speed' THEN hu.value END)*100 AS 'usoin',\r\n#MAX(CASE WHEN it.name LIKE '%Bits received%' THEN (hu.value) END) / MAX(CASE WHEN it.name LIKE '%: Speed' THEN hu.value END)*100 AS 'usoout',\r\nMAX(CASE WHEN it.name LIKE '%Bits sent%' THEN (hu.value) END) / MAX(CASE WHEN it.name LIKE '%: Speed' THEN 100000000 END)*100 AS 'usoin',\r\nMAX(CASE WHEN it.name LIKE '%Bits received%' THEN (hu.value) END) / MAX(CASE WHEN it.name LIKE '%: Speed' THEN 100000000 END)*100 AS 'usoout',\r\nCOALESCE(MAX(CASE WHEN it.name LIKE '%: RX Power' THEN h.value END), MAX(CASE WHEN it.name LIKE '%: RX Power Avg%' THEN h.value END)) AS 'rxpower',\r\nCOALESCE(MAX(CASE WHEN it.name LIKE '%: TX Power' THEN h.value END), MAX(CASE WHEN it.name LIKE '%: TX Power Avg%' THEN h.value END)) AS 'txpower',\r\nMAX(CASE WHEN it.name LIKE '%Inbound packets discarded%' THEN hu.value END) AS 'descartesin',\r\nMAX(CASE WHEN it.name LIKE '%Outbound packets discarded%' THEN hu.value END) AS 'descartesout',\r\nMAX(CASE WHEN it.name LIKE '%Inbound packets with errors%' THEN hu.value END) AS 'errosin',\r\nMAX(CASE WHEN it.name LIKE '%Outbound packets with errors%' THEN hu.value END) AS 'errosout',\r\nMAX(DATE_FORMAT(CONVERT_TZ(from_unixtime(hu.clock), '+00:00', '+00:00'), '%d-%m-%Y %H:%i:%s')) AS 'ultverificacao'\r\nFROM items it\r\nINNER JOIN hosts ht ON (it.hostid = ht.hostid and ht.name in (\"$host\") and ht.status = 0)\r\n\r\nLEFT JOIN (SELECT hu.itemid, MAX(hu.clock) AS max_clock FROM history_uint hu GROUP BY hu.itemid) AS max_hu ON (it.itemid = max_hu.itemid)\r\nLEFT JOIN history_uint hu ON (max_hu.itemid = hu.itemid AND max_hu.max_clock = hu.clock)\r\n\r\nLEFT JOIN (SELECT h.itemid, MAX(h.clock) AS max_clock_h FROM history h GROUP BY h.itemid) max_h ON (it.itemid = max_h.itemid)\r\nLEFT JOIN history h ON (max_h.itemid = h.itemid AND max_h.max_clock_h = h.clock)\r\n\r\n#LEFT JOIN (SELECT hu_tmp.itemid, hu_tmp.value FROM history_uint hu_tmp WHERE hu_tmp.clock>='${__from:date:seconds}' AND hu_tmp.clock<='${__to:date:seconds}') AS hu2 ON it.itemid = hu2.itemid\r\n\r\nWHERE (it.name like '%Bits%' or it.name like '%: Operational status%' or it.name like '%: Speed' or it.name like '%errors%' or it.name like '%discarded%' or it.name like '%RX Power%' or it.name like '%TX Power%') and it.name not like '%pppoe-%' and it.name not like '%{#IFNAME}%' and it.name not like '%{#ENTPHYSICALNAME}%'\r\ngroup by interface,host order by interface;\r\n",
          "refId": "A",
          "sql": {
            "columns": [
              {
                "parameters": [],
                "type": "function"
              }
            ],
            "groupBy": [
              {
                "property": {
                  "type": "string"
                },
                "type": "groupBy"
              }
            ],
            "limit": 50
          }
        }
      ],
      "title": "Tabela Análise de Interfaces (Geral)",
      "transformations": [
        {
          "id": "organize",
          "options": {
            "excludeByName": {
              "rxpower": true,
              "txpower": true
            },
            "includeByName": {},
            "indexByName": {},
            "renameByName": {
              "Interface": "",
              "bitsin": "Bits In",
              "bitsout": "Bits Out",
              "consumoin": "Consumo In",
              "consumoout": "Consumo Out",
              "descartesin": "Descartes In",
              "descartesout": "Descartes Out",
              "errosin": "Erros In",
              "errosout": "Erros Out",
              "host": "Host",
              "interface": "Interface",
              "rxpower": "Rx Power (dBm)",
              "rxpoweravg": "Rx Power Avg (dBm)",
              "speed": "Speed",
              "status": "Status",
              "txpower": "Tx Power (dBm)",
              "txpoweravg": "Tx Power Avg (dBm)",
              "ultverificacao": "Ult. Verificação",
              "ultverificao": "Ult.Verificacao",
              "usoin": "Uso In (%)",
              "usoout": "Uso Out (%)"
            }
          }
        }
      ],
      "type": "table"
    },
    {
      "datasource": {
        "type": "alexanderzobnin-zabbix-datasource",
        "uid": "${DS_ALEXANDERZOBNIN-ZABBIX-DATASOURCE}"
      },
      "gridPos": {
        "h": 7,
        "w": 24,
        "x": 0,
        "y": 18
      },
      "id": 15,
      "options": {
        "ackEventColor": "rgb(56, 219, 156)",
        "ackField": false,
        "ageField": true,
        "allowDangerousHTML": false,
        "customLastChangeFormat": false,
        "descriptionAtNewLine": false,
        "descriptionField": true,
        "fontSize": "100%",
        "highlightBackground": false,
        "highlightNewEvents": false,
        "highlightNewerThan": "1h",
        "hostField": true,
        "hostGroups": false,
        "hostProxy": false,
        "hostTechNameField": false,
        "lastChangeFormat": "",
        "layout": "table",
        "markAckEvents": false,
        "okEventColor": "rgb(56, 189, 113)",
        "opdataField": false,
        "pageSize": 10,
        "problemTimeline": true,
        "resizedColumns": [
          {
            "id": "tags",
            "value": 350
          },
          {
            "id": "name",
            "value": 519
          },
          {
            "id": "host",
            "value": 274
          },
          {
            "id": "age",
            "value": 149
          },
          {
            "id": "lastchange",
            "value": 210
          }
        ],
        "severityField": true,
        "showTags": true,
        "sortProblems": "lastchange",
        "statusField": true,
        "statusIcon": false,
        "triggerSeverity": [
          {
            "color": "rgb(108, 108, 108)",
            "priority": 0,
            "severity": "Not classified",
            "show": true
          },
          {
            "color": "rgb(120, 158, 183)",
            "priority": 1,
            "severity": "Information",
            "show": true
          },
          {
            "color": "rgb(175, 180, 36)",
            "priority": 2,
            "severity": "Warning",
            "show": true
          },
          {
            "color": "rgb(255, 137, 30)",
            "priority": 3,
            "severity": "Average",
            "show": true
          },
          {
            "color": "rgb(255, 101, 72)",
            "priority": 4,
            "severity": "High",
            "show": true
          },
          {
            "color": "rgb(215, 0, 0)",
            "priority": 5,
            "severity": "Disaster",
            "show": true
          }
        ]
      },
      "pluginVersion": "10.4.0",
      "targets": [
        {
          "application": {
            "filter": ""
          },
          "countTriggersBy": "",
          "datasource": {
            "type": "alexanderzobnin-zabbix-datasource",
            "uid": "${DS_ALEXANDERZOBNIN-ZABBIX-DATASOURCE}"
          },
          "evaltype": "0",
          "functions": [],
          "group": {
            "filter": "BEE"
          },
          "host": {
            "filter": "$host"
          },
          "item": {
            "filter": ""
          },
          "itemTag": {
            "filter": ""
          },
          "macro": {
            "filter": ""
          },
          "options": {
            "acknowledged": 2,
            "count": false,
            "disableDataAlignment": false,
            "hostProxy": false,
            "hostsInMaintenance": false,
            "limit": 1001,
            "minSeverity": 0,
            "showDisabledItems": false,
            "skipEmptyValues": false,
            "sortProblems": "default",
            "useTimeRange": false,
            "useTrends": "default",
            "useZabbixValueMapping": false
          },
          "proxy": {
            "filter": ""
          },
          "queryType": "5",
          "refId": "A",
          "resultFormat": "time_series",
          "schema": 12,
          "showProblems": "problems",
          "table": {
            "skipEmptyValues": false
          },
          "tags": {
            "filter": ""
          },
          "textFilter": "",
          "trigger": {
            "filter": ""
          }
        }
      ],
      "title": "Alertas Ativos",
      "type": "alexanderzobnin-zabbix-triggers-panel"
    }
  ],
  "refresh": "10s",
  "schemaVersion": 39,
  "tags": [],
  "templating": {
    "list": [
      {
        "current": {},
        "datasource": {
          "type": "alexanderzobnin-zabbix-datasource",
          "uid": "${DS_ALEXANDERZOBNIN-ZABBIX-DATASOURCE}"
        },
        "definition": "Zabbix - host",
        "hide": 0,
        "includeAll": false,
        "label": "Host",
        "multi": false,
        "name": "host",
        "options": [],
        "query": {
          "application": "",
          "group": "/.*/",
          "host": "/.*/",
          "item": "",
          "itemTag": "",
          "queryType": "host"
        },
        "refresh": 1,
        "regex": "",
        "skipUrlSync": false,
        "sort": 0,
        "type": "query"
      },
      {
        "current": {},
        "datasource": {
          "type": "alexanderzobnin-zabbix-datasource",
          "uid": "${DS_ALEXANDERZOBNIN-ZABBIX-DATASOURCE}"
        },
        "definition": "Zabbix - item",
        "hide": 0,
        "includeAll": false,
        "label": "Interface",
        "multi": false,
        "name": "interface",
        "options": [],
        "query": {
          "application": "/.*/",
          "group": "/.*/",
          "host": "$host",
          "item": "/Bits/",
          "itemTag": "",
          "queryType": "item"
        },
        "refresh": 1,
        "regex": "",
        "skipUrlSync": false,
        "sort": 0,
        "type": "query"
      }
    ]
  },
  "time": {
    "from": "now-30m",
    "to": "now"
  },
  "timepicker": {},
  "timezone": "browser",
  "title": "Dashboard Análise Linux (TV) - BEE",
  "uid": "ddezmwc6tkfeoa",
  "version": 20,
  "weekStart": ""
}